cluster,subcluster,keyword,intent,geography,journey_stage
Indian Spirituality & Concepts,Core definitions,true meaning of Sanatan Dharma,Informational,Global,Curious
Indian Spirituality & Concepts,Core definitions,what is the difference between hinduism and sanatan dharma,Informational,Global,Curious
Indian Spirituality & Concepts,Vedanta,Advaita Vedanta explained simply,Informational,Global,Early seeker
Indian Spirituality & Concepts,Vedanta,Advaita vs Dvaita differences,Informational,Global,Early seeker
Indian Spirituality & Concepts,Vedanta,who is Brahman in Advaita,Informational,Global,Early seeker
Indian Spirituality & Concepts,Karma & Rebirth,how does karma actually work in Hinduism,Informational,Global,Curious
Indian Spirituality & Concepts,Karma & Rebirth,what is moksha and how to achieve it,Informational,Global,Early seeker
Indian Spirituality & Concepts,Karma & Rebirth,difference between dharma and karma,Informational,Global,Curious
Indian Spirituality & Concepts,Texts,Bhagavad Gita summary for beginners,Informational,Global,Early seeker
Indian Spirituality & Concepts,Texts,what are the Vedas and Upanishads,Informational,Global,Curious
Indian Spirituality & Concepts,Texts,difference between Shruti and Smriti,Informational,Global,Early seeker
Indian Spirituality & Concepts,Application,concept of Dharma in modern life,Informational,Global,Early seeker
Indian Spirituality & Concepts,Application,how to apply Bhagavad Gita in daily life,Informational,Global,Problem-solving
Indian Spirituality & Concepts,Philosophy,what is Maya in Indian philosophy,Informational,Global,Early seeker
Indian Spirituality & Concepts,Philosophy,is Hinduism a religion or a way of life,Informational,Global,Curious
Meditation & Practice,Anxiety,meditation for severe anxiety,Problem-solving,Global,Suffering
Meditation & Practice,Anxiety,guided meditation to stop overthinking,Problem-solving,Global,Suffering
Meditation & Practice,Anxiety,how does meditation calm the nervous system,Informational,Global,Curious
Meditation & Practice,Sleep,meditation for insomnia,Problem-solving,Global,Suffering
Meditation & Practice,Sleep,guided yoga nidra for sleep,Problem-solving,Global,Suffering
Meditation & Practice,Depression,meditation for depression and lack of motivation,Problem-solving,Global,Suffering
Meditation & Practice,Depression,spirituality and overcoming depression,Problem-solving,Global,Suffering
Meditation & Practice,Burnout,meditation for corporate burnout,Problem-solving,Global,Suffering
Meditation & Practice,Burnout,spiritual practices for exhaustion,Problem-solving,Global,Suffering
Meditation & Practice,Basics,how to start meditating daily,Informational,Global,Curious
Meditation & Practice,Basics,mindfulness meditation vs vedic meditation,Commercial investigation,Global,Early seeker
Meditation & Practice,Basics,how long should a beginner meditate,Informational,Global,Curious
Meditation & Practice,Grief,guided meditation for grief and loss,Problem-solving,Global,Suffering
Meditation & Practice,Trauma,is meditation safe for trauma survivors,Informational,Global,Suffering
Meditation & Practice,Trauma,trauma sensitive mindfulness practice,Problem-solving,Global,Suffering
Yoga Kriya Kundalini Tantra,Kriya Yoga,what exactly is kriya yoga,Informational,Global,Curious
Yoga Kriya Kundalini Tantra,Kriya Yoga,is kriya yoga dangerous,Commercial investigation,Global,Early seeker
Yoga Kriya Kundalini Tantra,Kriya Yoga,difference between kriya yoga and regular yoga,Informational,Global,Curious
Yoga Kriya Kundalini Tantra,Kriya Yoga,how to learn kriya yoga authentically,Commercial investigation,Global,Serious practitioner
Yoga Kriya Kundalini Tantra,Kundalini,kundalini awakening symptoms physical,Informational,Global,Suffering
Yoga Kriya Kundalini Tantra,Kundalini,is kundalini awakening real or psychosis,Informational,Global,Early seeker
Yoga Kriya Kundalini Tantra,Kundalini,how to safely awaken kundalini,Informational,Global,Serious practitioner
Yoga Kriya Kundalini Tantra,Tantra,what is tantra really about,Informational,Global,Curious
Yoga Kriya Kundalini Tantra,Tantra,spiritual tantra practices for couples,Problem-solving,Global,Early seeker
Yoga Kriya Kundalini Tantra,Tantra,left hand path vs right hand path tantra,Informational,Global,Early seeker
Yoga Kriya Kundalini Tantra,Yoga basics,best types of yoga for mental health,Informational,Global,Suffering
Yoga Kriya Kundalini Tantra,Yoga basics,pranayama exercises for vagus nerve,Problem-solving,Global,Suffering
Yoga Kriya Kundalini Tantra,Yoga basics,yoga and meditation centers near me,Transactional,Local,Early seeker
Yoga Kriya Kundalini Tantra,Safety,red flags in yoga studios,Commercial investigation,Global,Early seeker
Yoga Kriya Kundalini Tantra,Safety,dangers of unguided pranayama,Informational,Global,Early seeker
Gurus and Discernment,Sadhguru,is Isha Foundation a cult,Commercial investigation,Global,Exploring teachers
Gurus and Discernment,Sadhguru,Sadhguru criticism explained,Commercial investigation,Global,Exploring teachers
Gurus and Discernment,Sadhguru,is Shambhavi Mahamudra effective,Commercial investigation,Global,Exploring teachers
Gurus and Discernment,Teacher Profiles,Paramahansa Yogananda teachings summary,Informational,Global,Exploring teachers
Gurus and Discernment,Teacher Profiles,Ramana Maharshi who am i technique,Informational,Global,Serious practitioner
Gurus and Discernment,Teacher Profiles,Eckhart Tolle connection to Advaita Vedanta,Informational,Global,Early seeker
Gurus and Discernment,Teacher Profiles,who is Mooji and what does he teach,Informational,Global,Exploring teachers
Gurus and Discernment,Teacher Profiles,Sri Sri Ravi Shankar Sudarshan Kriya benefits,Commercial investigation,Global,Exploring teachers
Gurus and Discernment,Teacher Profiles,Amma hugging saint biography,Informational,Global,Exploring teachers
Gurus and Discernment,Discernment,how to find a real guru,Informational,Global,Exploring teachers
Gurus and Discernment,Discernment,red flags in spiritual teachers,Informational,Global,Exploring teachers
Gurus and Discernment,Discernment,do you need a guru for enlightenment,Informational,Global,Serious practitioner
Gurus and Discernment,Discernment,difference between guru and teacher,Informational,Global,Exploring teachers
Gurus and Discernment,Discernment,how to spot a fake spiritual guru,Informational,Global,Exploring teachers
Gurus and Discernment,Discernment,scandals in modern yoga lineages,Informational,Global,Exploring teachers
Spiritual Tourism India,Rishikesh,best ashrams in Rishikesh for westerners,Commercial investigation,India,Exploring India
Spiritual Tourism India,Rishikesh,cost of yoga retreat in Rishikesh,Commercial investigation,India,Exploring India
Spiritual Tourism India,Rishikesh,is Rishikesh safe for solo female travelers,Informational,India,Exploring India
Spiritual Tourism India,Rishikesh,Rishikesh vs Dharamshala for spirituality,Commercial investigation,India,Exploring India
Spiritual Tourism India,Retreats,10 day vipassana meditation retreat India,Transactional,India,Exploring India
Spiritual Tourism India,Retreats,best ayurvedic retreats in Kerala,Commercial investigation,India,Exploring India
Spiritual Tourism India,Retreats,how to choose an ashram in India,Informational,India,Exploring India
Spiritual Tourism India,Retreats,silent meditation retreats in India,Transactional,India,Exploring India
Spiritual Tourism India,Sacred Cities,spiritual things to do in Varanasi,Informational,India,Exploring India
Spiritual Tourism India,Sacred Cities,Auroville volunteer programs,Transactional,India,Exploring India
Spiritual Tourism India,Sacred Cities,visiting Tiruvannamalai Ramana ashram,Informational,India,Exploring India
Spiritual Tourism India,Logistics,what to pack for an Indian ashram,Informational,India,Exploring India
Spiritual Tourism India,Logistics,etiquette rules for visiting Hindu temples,Informational,India,Exploring India
Spiritual Tourism India,Logistics,spiritual visa for India (Yoga visa),Transactional,India,Exploring India
Spiritual Tourism India,Logistics,best time of year for spiritual travel to India,Informational,India,Exploring India
Kailasa Temple & Sacred Sites,Kailasa Temple,how was Kailasa temple built,Informational,India,Curious
Kailasa Temple & Sacred Sites,Kailasa Temple,Kailasa temple Ellora mystery aliens,Informational,India,Curious
Kailasa Temple & Sacred Sites,Kailasa Temple,Kailasa temple architecture explained,Informational,India,Curious
Kailasa Temple & Sacred Sites,Kailasa Temple,best time to visit Ellora caves,Informational,India,Exploring India
Kailasa Temple & Sacred Sites,Kailasa Temple,Kailasa temple vs Ajanta caves,Commercial investigation,India,Exploring India
Kailasa Temple & Sacred Sites,Other Sites,Konark sun temple architecture,Informational,India,Curious
Kailasa Temple & Sacred Sites,Other Sites,Brihadeeswarar temple mysteries,Informational,India,Curious
Kailasa Temple & Sacred Sites,Other Sites,spiritual significance of Kedarnath,Informational,India,Curious
Kailasa Temple & Sacred Sites,Other Sites,history of Kashi Vishwanath temple,Informational,India,Curious
Kailasa Temple & Sacred Sites,Other Sites,most powerful shiva temples in India,Informational,India,Curious
Kailasa Temple & Sacred Sites,Other Sites,Meenakshi temple Madurai guide,Informational,India,Exploring India
Kailasa Temple & Sacred Sites,Logistics,how to plan a South India temple tour,Informational,India,Exploring India
Courses & Structured Learning,Vedanta,best online Advaita Vedanta course,Transactional,Global,Serious practitioner
Courses & Structured Learning,Vedanta,Vedanta philosophy course online free,Transactional,Global,Early seeker
Courses & Structured Learning,Vedanta,Chinmaya mission online classes review,Commercial investigation,Global,Serious practitioner
Courses & Structured Learning,Bhagavad Gita,online Bhagavad Gita course with meaning,Transactional,Global,Serious practitioner
Courses & Structured Learning,Bhagavad Gita,learn to chant Bhagavad Gita online,Transactional,Global,Serious practitioner
Courses & Structured Learning,Yoga Philosophy,yoga philosophy course online certification,Transactional,Global,Serious practitioner
Courses & Structured Learning,Yoga Philosophy,Patanjali yoga sutras online course,Transactional,Global,Serious practitioner
Courses & Structured Learning,Kriya,authentic Kriya yoga course online,Transactional,Global,Serious practitioner
Courses & Structured Learning,Kriya,Yogananda SRF lessons review,Commercial investigation,Global,Serious practitioner
Courses & Structured Learning,Tantra,tantra course online for couples,Transactional,Global,Early seeker
Courses & Structured Learning,Tantra,authentic Kashmir Shaivism course online,Transactional,Global,Serious practitioner
Courses & Structured Learning,Sanskrit,learn Sanskrit for chanting online,Transactional,Global,Serious practitioner
Courses & Structured Learning,Sanskrit,best app to learn Sanskrit,Commercial investigation,Global,Early seeker
Courses & Structured Learning,Meditation,Vedic meditation teacher training India,Transactional,India,Serious practitioner
Courses & Structured Learning,Meditation,online mindfulness teacher certification,Transactional,Global,Serious practitioner
Life Problems Meaning Midlife,Burnout,spiritual meaning of burnout,Informational,Global,Suffering
Life Problems Meaning Midlife,Burnout,healing burnout through spirituality,Problem-solving,Global,Suffering
Life Problems Meaning Midlife,Mental Health,spiritual awakening vs psychosis,Informational,Global,Suffering
Life Problems Meaning Midlife,Mental Health,is spirituality the answer to my anxiety,Informational,Global,Suffering
Life Problems Meaning Midlife,Mental Health,can meditation replace therapy for trauma,Commercial investigation,Global,Suffering
Life Problems Meaning Midlife,Purpose,how to find my dharma in life,Informational,Global,Suffering
Life Problems Meaning Midlife,Purpose,why do I feel empty despite success,Informational,Global,Suffering
Life Problems Meaning Midlife,Purpose,spiritual perspective on midlife crisis,Informational,Global,Suffering
Life Problems Meaning Midlife,Purpose,career dissatisfaction spiritual awakening,Problem-solving,Global,Suffering
Life Problems Meaning Midlife,Grief,spiritual view of death and dying,Informational,Global,Suffering
Life Problems Meaning Midlife,Grief,how Indian philosophy handles grief,Informational,Global,Suffering
Life Problems Meaning Midlife,Loneliness,spiritual understanding of loneliness,Informational,Global,Suffering
Life Problems Meaning Midlife,Loneliness,solitude vs loneliness in spirituality,Informational,Global,Curious
Life Problems Meaning Midlife,Integration,how to integrate spirituality with daily life,Problem-solving,Global,Early seeker
Life Problems Meaning Midlife,Integration,practicing non attachment in relationships,Problem-solving,Global,Early seeker
